Rule_Used,Disease,Predicted_Target,Reason
Rule 2 (Harm Principle via Contraindication),Alzheimer disease,plexin D1,Drug ARIPIPRAZOLE is contraindicated for Alzheimer disease but associates with Dementia which links to plexin D1
Rule 2 (Harm Principle via Contraindication),Alzheimer disease,ring finger protein 216,Drug ARIPIPRAZOLE is contraindicated for Alzheimer disease but associates with Dementia which links to ring finger protein 216
Rule 2 (Harm Principle via Contraindication),Alzheimer disease,staufen double-stranded RNA binding protein 2,Drug ARIPIPRAZOLE is contraindicated for Alzheimer disease but associates with Dementia which links to staufen double-stranded RNA binding protein 2
Rule 2 (Harm Principle via Contraindication),Alzheimer disease,tRNA nucleotidyl transferase 1,Drug ARIPIPRAZOLE is contraindicated for Alzheimer disease but associates with Dementia which links to tRNA nucleotidyl transferase 1
Rule 2 (Harm Principle via Contraindication),Alzheimer disease,centrosomal protein 164,Drug ARIPIPRAZOLE is contraindicated for Alzheimer disease but associates with Dementia which links to centrosomal protein 164
Rule 2 (Harm Principle via Contraindication),Alzheimer disease,serine and arginine rich splicing factor 9,Drug ARIPIPRAZOLE is contraindicated for Alzheimer disease but associates with Dementia which links to serine and arginine rich splicing factor 9
Rule 2 (Harm Principle via Contraindication),Alzheimer disease,DEAD-box helicase 54,Drug ARIPIPRAZOLE is contraindicated for Alzheimer disease but associates with Dementia which links to DEAD-box helicase 54
Rule 2 (Harm Principle via Contraindication),Alzheimer disease,coenzyme Q8B,Drug ARIPIPRAZOLE is contraindicated for Alzheimer disease but associates with Dementia which links to coenzyme Q8B
Rule 2 (Harm Principle via Contraindication),Alzheimer disease,neuronal PAS domain protein 1,Drug ARIPIPRAZOLE is contraindicated for Alzheimer disease but associates with Dementia which links to neuronal PAS domain protein 1
Rule 2 (Harm Principle via Contraindication),Alzheimer disease,RBPJ interacting and tubulin associated 1,Drug ARIPIPRAZOLE is contraindicated for Alzheimer disease but associates with Dementia which links to RBPJ interacting and tubulin associated 1
Rule 2 (Harm Principle via Contraindication),Alzheimer disease,charged multivesicular body protein 7,Drug ARIPIPRAZOLE is contraindicated for Alzheimer disease but associates with Dementia which links to charged multivesicular body protein 7
Rule 2 (Harm Principle via Contraindication),Alzheimer disease,SH3 domain containing ring finger 1,Drug ARIPIPRAZOLE is contraindicated for Alzheimer disease but associates with Dementia which links to SH3 domain containing ring finger 1
Rule 2 (Harm Principle via Contraindication),Alzheimer disease,cyclin F,Drug ARIPIPRAZOLE is contraindicated for Alzheimer disease but associates with Dementia which links to cyclin F
Rule 2 (Harm Principle via Contraindication),Alzheimer disease,major facilitator superfamily domain containing 8,Drug ARIPIPRAZOLE is contraindicated for Alzheimer disease but associates with Dementia which links to major facilitator superfamily domain containing 8
Rule 2 (Harm Principle via Contraindication),Alzheimer disease,forkhead box A3,Drug ARIPIPRAZOLE is contraindicated for Alzheimer disease but associates with Dementia which links to forkhead box A3
Rule 2 (Harm Principle via Contraindication),Alzheimer disease,golgi associated RAB2 interactor family member 3,Drug ARIPIPRAZOLE is contraindicated for Alzheimer disease but associates with Dementia which links to golgi associated RAB2 interactor family member 3
Rule 2 (Harm Principle via Contraindication),Alzheimer disease,DNA polymerase eta,Drug ARIPIPRAZOLE is contraindicated for Alzheimer disease but associates with Dementia which links to DNA polymerase eta
Rule 2 (Harm Principle via Contraindication),Alzheimer disease,"Myb related transcription factor, partner of profilin","Drug ARIPIPRAZOLE is contraindicated for Alzheimer disease but associates with Dementia which links to Myb related transcription factor, partner of profilin"
Rule 2 (Harm Principle via Contraindication),Alzheimer disease,SMCR8-C9orf72 complex subunit,Drug ARIPIPRAZOLE is contraindicated for Alzheimer disease but associates with Dementia which links to SMCR8-C9orf72 complex subunit
Rule 2 (Harm Principle via Contraindication),Alzheimer disease,"RAD23 homolog A, nucleotide excision repair protein","Drug ARIPIPRAZOLE is contraindicated for Alzheimer disease but associates with Dementia which links to RAD23 homolog A, nucleotide excision repair protein"
Rule 2 (Harm Principle via Contraindication),Alzheimer disease,kinesin family member 24,Drug ARIPIPRAZOLE is contraindicated for Alzheimer disease but associates with Dementia which links to kinesin family member 24
Rule 2 (Harm Principle via Contraindication),Alzheimer disease,IGF like family member 3,Drug ARIPIPRAZOLE is contraindicated for Alzheimer disease but associates with Dementia which links to IGF like family member 3
Rule 2 (Harm Principle via Contraindication),Alzheimer disease,serine and arginine rich splicing factor 8,Drug ARIPIPRAZOLE is contraindicated for Alzheimer disease but associates with Dementia which links to serine and arginine rich splicing factor 8
Rule 1 (Phenotype-Driven Inference),Alzheimer disease,plexin D1,Disease Alzheimer disease presents phenotype Dementia which is associated with plexin D1
Rule 1 (Phenotype-Driven Inference),Alzheimer disease,ring finger protein 216,Disease Alzheimer disease presents phenotype Dementia which is associated with ring finger protein 216
Rule 1 (Phenotype-Driven Inference),Alzheimer disease,staufen double-stranded RNA binding protein 2,Disease Alzheimer disease presents phenotype Dementia which is associated with staufen double-stranded RNA binding protein 2
Rule 1 (Phenotype-Driven Inference),Alzheimer disease,tRNA nucleotidyl transferase 1,Disease Alzheimer disease presents phenotype Dementia which is associated with tRNA nucleotidyl transferase 1
Rule 1 (Phenotype-Driven Inference),Alzheimer disease,centrosomal protein 164,Disease Alzheimer disease presents phenotype Dementia which is associated with centrosomal protein 164
Rule 1 (Phenotype-Driven Inference),Alzheimer disease,serine and arginine rich splicing factor 9,Disease Alzheimer disease presents phenotype Dementia which is associated with serine and arginine rich splicing factor 9
Rule 1 (Phenotype-Driven Inference),Alzheimer disease,DEAD-box helicase 54,Disease Alzheimer disease presents phenotype Dementia which is associated with DEAD-box helicase 54
Rule 1 (Phenotype-Driven Inference),Alzheimer disease,coenzyme Q8B,Disease Alzheimer disease presents phenotype Dementia which is associated with coenzyme Q8B
Rule 1 (Phenotype-Driven Inference),Alzheimer disease,neuronal PAS domain protein 1,Disease Alzheimer disease presents phenotype Dementia which is associated with neuronal PAS domain protein 1
Rule 1 (Phenotype-Driven Inference),Alzheimer disease,RBPJ interacting and tubulin associated 1,Disease Alzheimer disease presents phenotype Dementia which is associated with RBPJ interacting and tubulin associated 1
Rule 1 (Phenotype-Driven Inference),Alzheimer disease,charged multivesicular body protein 7,Disease Alzheimer disease presents phenotype Dementia which is associated with charged multivesicular body protein 7
Rule 1 (Phenotype-Driven Inference),Alzheimer disease,SH3 domain containing ring finger 1,Disease Alzheimer disease presents phenotype Dementia which is associated with SH3 domain containing ring finger 1
Rule 1 (Phenotype-Driven Inference),Alzheimer disease,cyclin F,Disease Alzheimer disease presents phenotype Dementia which is associated with cyclin F
Rule 1 (Phenotype-Driven Inference),Alzheimer disease,major facilitator superfamily domain containing 8,Disease Alzheimer disease presents phenotype Dementia which is associated with major facilitator superfamily domain containing 8
Rule 1 (Phenotype-Driven Inference),Alzheimer disease,forkhead box A3,Disease Alzheimer disease presents phenotype Dementia which is associated with forkhead box A3
Rule 1 (Phenotype-Driven Inference),Alzheimer disease,golgi associated RAB2 interactor family member 3,Disease Alzheimer disease presents phenotype Dementia which is associated with golgi associated RAB2 interactor family member 3
Rule 1 (Phenotype-Driven Inference),Alzheimer disease,DNA polymerase eta,Disease Alzheimer disease presents phenotype Dementia which is associated with DNA polymerase eta
Rule 1 (Phenotype-Driven Inference),Alzheimer disease,"Myb related transcription factor, partner of profilin","Disease Alzheimer disease presents phenotype Dementia which is associated with Myb related transcription factor, partner of profilin"
Rule 1 (Phenotype-Driven Inference),Alzheimer disease,SMCR8-C9orf72 complex subunit,Disease Alzheimer disease presents phenotype Dementia which is associated with SMCR8-C9orf72 complex subunit
Rule 1 (Phenotype-Driven Inference),Alzheimer disease,"RAD23 homolog A, nucleotide excision repair protein","Disease Alzheimer disease presents phenotype Dementia which is associated with RAD23 homolog A, nucleotide excision repair protein"
Rule 1 (Phenotype-Driven Inference),Alzheimer disease,kinesin family member 24,Disease Alzheimer disease presents phenotype Dementia which is associated with kinesin family member 24
Rule 1 (Phenotype-Driven Inference),Alzheimer disease,IGF like family member 3,Disease Alzheimer disease presents phenotype Dementia which is associated with IGF like family member 3
Rule 1 (Phenotype-Driven Inference),Alzheimer disease,serine and arginine rich splicing factor 8,Disease Alzheimer disease presents phenotype Dementia which is associated with serine and arginine rich splicing factor 8
Rule 1 (Phenotype-Driven Inference),Alzheimer disease,ring finger protein 216,Disease Alzheimer disease presents phenotype Parkinsonism which is associated with ring finger protein 216
Rule 1 (Phenotype-Driven Inference),Alzheimer disease,vacuolar protein sorting 13 homolog D,Disease Alzheimer disease presents phenotype Parkinsonism which is associated with vacuolar protein sorting 13 homolog D
Rule 1 (Phenotype-Driven Inference),Alzheimer disease,RAS guanyl releasing protein 2,Disease Alzheimer disease presents phenotype Parkinsonism which is associated with RAS guanyl releasing protein 2
Rule 1 (Phenotype-Driven Inference),Alzheimer disease,ubiquitin specific peptidase 40,Disease Alzheimer disease presents phenotype Parkinsonism which is associated with ubiquitin specific peptidase 40
Rule 1 (Phenotype-Driven Inference),Alzheimer disease,FAT atypical cadherin 2,Disease Alzheimer disease presents phenotype Parkinsonism which is associated with FAT atypical cadherin 2
Rule 1 (Phenotype-Driven Inference),Alzheimer disease,GRAM domain containing 1A,Disease Alzheimer disease presents phenotype Parkinsonism which is associated with GRAM domain containing 1A
Rule 1 (Phenotype-Driven Inference),Alzheimer disease,ess-2 splicing factor homolog,Disease Alzheimer disease presents phenotype Parkinsonism which is associated with ess-2 splicing factor homolog
Rule 1 (Phenotype-Driven Inference),Alzheimer disease,G protein-coupled receptor 143,Disease Alzheimer disease presents phenotype Parkinsonism which is associated with G protein-coupled receptor 143
Rule 1 (Phenotype-Driven Inference),Alzheimer disease,mitochondrial methionyl-tRNA formyltransferase,Disease Alzheimer disease presents phenotype Parkinsonism which is associated with mitochondrial methionyl-tRNA formyltransferase
Rule 1 (Phenotype-Driven Inference),Alzheimer disease,solute carrier family 39 member 14,Disease Alzheimer disease presents phenotype Parkinsonism which is associated with solute carrier family 39 member 14
Rule 1 (Phenotype-Driven Inference),Alzheimer disease,elongation factor for RNA polymerase II,Disease Alzheimer disease presents phenotype Parkinsonism which is associated with elongation factor for RNA polymerase II
Rule 1 (Phenotype-Driven Inference),Alzheimer disease,vesicle associated membrane protein 4,Disease Alzheimer disease presents phenotype Parkinsonism which is associated with vesicle associated membrane protein 4
Rule 1 (Phenotype-Driven Inference),Alzheimer disease,"N-alpha-acetyltransferase 60, NatF catalytic subunit","Disease Alzheimer disease presents phenotype Parkinsonism which is associated with N-alpha-acetyltransferase 60, NatF catalytic subunit"
Rule 1 (Phenotype-Driven Inference),Alzheimer disease,coenzyme Q8B,Disease Alzheimer disease presents phenotype Parkinsonism which is associated with coenzyme Q8B
Rule 1 (Phenotype-Driven Inference),Alzheimer disease,kinectin 1,Disease Alzheimer disease presents phenotype Parkinsonism which is associated with kinectin 1
Rule 1 (Phenotype-Driven Inference),Alzheimer disease,CLN6 transmembrane ER protein,Disease Alzheimer disease presents phenotype Parkinsonism which is associated with CLN6 transmembrane ER protein
Rule 1 (Phenotype-Driven Inference),Alzheimer disease,LLGL scribble cell polarity complex component 1,Disease Alzheimer disease presents phenotype Parkinsonism which is associated with LLGL scribble cell polarity complex component 1
Rule 1 (Phenotype-Driven Inference),Alzheimer disease,xenotropic and polytropic retrovirus receptor 1,Disease Alzheimer disease presents phenotype Parkinsonism which is associated with xenotropic and polytropic retrovirus receptor 1
Rule 1 (Phenotype-Driven Inference),Alzheimer disease,solute carrier family 30 member 2,Disease Alzheimer disease presents phenotype Parkinsonism which is associated with solute carrier family 30 member 2
Rule 1 (Phenotype-Driven Inference),Alzheimer disease,KASH domain containing 5,Disease Alzheimer disease presents phenotype Parkinsonism which is associated with KASH domain containing 5
Rule 1 (Phenotype-Driven Inference),Alzheimer disease,polybromo 1,Disease Alzheimer disease presents phenotype Parkinsonism which is associated with polybromo 1
Rule 1 (Phenotype-Driven Inference),Alzheimer disease,solute carrier family 6 member 5,Disease Alzheimer disease presents phenotype Parkinsonism which is associated with solute carrier family 6 member 5
Rule 1 (Phenotype-Driven Inference),Alzheimer disease,brain expressed associated with NEDD4 1,Disease Alzheimer disease presents phenotype Parkinsonism which is associated with brain expressed associated with NEDD4 1
Rule 1 (Phenotype-Driven Inference),Alzheimer disease,thymidine kinase 2,Disease Alzheimer disease presents phenotype Parkinsonism which is associated with thymidine kinase 2
Rule 1 (Phenotype-Driven Inference),Alzheimer disease,neurturin,Disease Alzheimer disease presents phenotype Parkinsonism which is associated with neurturin
Rule 1 (Phenotype-Driven Inference),Alzheimer disease,heat shock protein family B (small) member 7,Disease Alzheimer disease presents phenotype Parkinsonism which is associated with heat shock protein family B (small) member 7
Rule 1 (Phenotype-Driven Inference),Alzheimer disease,zinc finger protein 746,Disease Alzheimer disease presents phenotype Parkinsonism which is associated with zinc finger protein 746
Rule 4 (Ontological Inheritance - Child),Alzheimer's disease biomarker measurement,mitotic arrest deficient 1 like 1,"Parent entity mental or behavioural disorder biomarker is associated with mitotic arrest deficient 1 like 1, so child Alzheimer's disease biomarker measurement might inherit it."
Rule 4 (Ontological Inheritance - Child),Alzheimer's disease biomarker measurement,dysbindin domain containing 1,"Parent entity mental or behavioural disorder biomarker is associated with dysbindin domain containing 1, so child Alzheimer's disease biomarker measurement might inherit it."
Rule 4 (Ontological Inheritance - Child),Alzheimer's disease biomarker measurement,RNA binding motif protein 5,"Parent entity mental or behavioural disorder biomarker is associated with RNA binding motif protein 5, so child Alzheimer's disease biomarker measurement might inherit it."
Rule 4 (Ontological Inheritance - Child),Alzheimer's disease biomarker measurement,CD38 molecule,"Parent entity mental or behavioural disorder biomarker is associated with CD38 molecule, so child Alzheimer's disease biomarker measurement might inherit it."
Rule 4 (Ontological Inheritance - Child),Alzheimer's disease biomarker measurement,RNA binding motif protein 6,"Parent entity mental or behavioural disorder biomarker is associated with RNA binding motif protein 6, so child Alzheimer's disease biomarker measurement might inherit it."
Rule 4 (Ontological Inheritance - Child),Alzheimer's disease biomarker measurement,heat shock protein family B (small) member 6,"Parent entity mental or behavioural disorder biomarker is associated with heat shock protein family B (small) member 6, so child Alzheimer's disease biomarker measurement might inherit it."
Rule 4 (Ontological Inheritance - Child),Alzheimer's disease biomarker measurement,Rho GTPase activating protein 33,"Parent entity mental or behavioural disorder biomarker is associated with Rho GTPase activating protein 33, so child Alzheimer's disease biomarker measurement might inherit it."
Rule 4 (Ontological Inheritance - Child),Alzheimer's disease biomarker measurement,suppression of tumorigenicity 7,"Parent entity mental or behavioural disorder biomarker is associated with suppression of tumorigenicity 7, so child Alzheimer's disease biomarker measurement might inherit it."
Rule 4 (Ontological Inheritance - Child),Alzheimer's disease biomarker measurement,thrombospondin type 1 domain containing 7A,"Parent entity mental or behavioural disorder biomarker is associated with thrombospondin type 1 domain containing 7A, so child Alzheimer's disease biomarker measurement might inherit it."
Rule 4 (Ontological Inheritance - Child),Alzheimer's disease biomarker measurement,signal peptide peptidase like 2B,"Parent entity mental or behavioural disorder biomarker is associated with signal peptide peptidase like 2B, so child Alzheimer's disease biomarker measurement might inherit it."
Rule 4 (Ontological Inheritance - Child),Alzheimer's disease biomarker measurement,lysine methyltransferase 2E (inactive),"Parent entity mental or behavioural disorder biomarker is associated with lysine methyltransferase 2E (inactive), so child Alzheimer's disease biomarker measurement might inherit it."
Rule 4 (Ontological Inheritance - Child),Alzheimer's disease biomarker measurement,SRY-box transcription factor 8,"Parent entity mental or behavioural disorder biomarker is associated with SRY-box transcription factor 8, so child Alzheimer's disease biomarker measurement might inherit it."
Rule 4 (Ontological Inheritance - Child),Alzheimer's disease biomarker measurement,integrin subunit alpha 2b,"Parent entity mental or behavioural disorder biomarker is associated with integrin subunit alpha 2b, so child Alzheimer's disease biomarker measurement might inherit it."
Rule 4 (Ontological Inheritance - Child),Alzheimer's disease biomarker measurement,required for excision 1-B domain containing,"Parent entity mental or behavioural disorder biomarker is associated with required for excision 1-B domain containing, so child Alzheimer's disease biomarker measurement might inherit it."
Rule 4 (Ontological Inheritance - Child),Alzheimer's disease biomarker measurement,cytokine receptor like factor 1,"Parent entity mental or behavioural disorder biomarker is associated with cytokine receptor like factor 1, so child Alzheimer's disease biomarker measurement might inherit it."
Rule 4 (Ontological Inheritance - Child),Alzheimer's disease biomarker measurement,tachykinin precursor 1,"Parent entity mental or behavioural disorder biomarker is associated with tachykinin precursor 1, so child Alzheimer's disease biomarker measurement might inherit it."
Rule 4 (Ontological Inheritance - Child),Alzheimer's disease biomarker measurement,BAR/IMD domain containing adaptor protein 2 like 1,"Parent entity mental or behavioural disorder biomarker is associated with BAR/IMD domain containing adaptor protein 2 like 1, so child Alzheimer's disease biomarker measurement might inherit it."
Rule 4 (Ontological Inheritance - Child),Alzheimer's disease biomarker measurement,lysine demethylase 7A,"Parent entity mental or behavioural disorder biomarker is associated with lysine demethylase 7A, so child Alzheimer's disease biomarker measurement might inherit it."
Rule 4 (Ontological Inheritance - Child),Alzheimer's disease biomarker measurement,aldehyde dehydrogenase 3 family member B1,"Parent entity mental or behavioural disorder biomarker is associated with aldehyde dehydrogenase 3 family member B1, so child Alzheimer's disease biomarker measurement might inherit it."
Rule 4 (Ontological Inheritance - Child),Alzheimer's disease biomarker measurement,VPS41 subunit of HOPS complex,"Parent entity mental or behavioural disorder biomarker is associated with VPS41 subunit of HOPS complex, so child Alzheimer's disease biomarker measurement might inherit it."
Rule 4 (Ontological Inheritance - Child),Alzheimer's disease biomarker measurement,platelet activating factor acetylhydrolase 1b regulatory subunit 1,"Parent entity mental or behavioural disorder biomarker is associated with platelet activating factor acetylhydrolase 1b regulatory subunit 1, so child Alzheimer's disease biomarker measurement might inherit it."
Rule 4 (Ontological Inheritance - Child),Alzheimer's disease biomarker measurement,nitric oxide synthase 2,"Parent entity mental or behavioural disorder biomarker is associated with nitric oxide synthase 2, so child Alzheimer's disease biomarker measurement might inherit it."
Rule 4 (Ontological Inheritance - Child),Alzheimer's disease biomarker measurement,suppression of tumorigenicity 7 like,"Parent entity mental or behavioural disorder biomarker is associated with suppression of tumorigenicity 7 like, so child Alzheimer's disease biomarker measurement might inherit it."
Rule 4 (Ontological Inheritance - Child),Alzheimer's disease biomarker measurement,paired box 6,"Parent entity mental or behavioural disorder biomarker is associated with paired box 6, so child Alzheimer's disease biomarker measurement might inherit it."
Rule 4 (Ontological Inheritance - Child),Alzheimer's disease biomarker measurement,calcium voltage-gated channel auxiliary subunit alpha2delta 2,"Parent entity mental or behavioural disorder biomarker is associated with calcium voltage-gated channel auxiliary subunit alpha2delta 2, so child Alzheimer's disease biomarker measurement might inherit it."
Rule 4 (Ontological Inheritance - Child),Alzheimer's disease biomarker measurement,phosphatidylinositol glycan anchor biosynthesis class Q,"Parent entity mental or behavioural disorder biomarker is associated with phosphatidylinositol glycan anchor biosynthesis class Q, so child Alzheimer's disease biomarker measurement might inherit it."
Rule 4 (Ontological Inheritance - Child),Alzheimer's disease biomarker measurement,transcription factor AP-2 beta,"Parent entity mental or behavioural disorder biomarker is associated with transcription factor AP-2 beta, so child Alzheimer's disease biomarker measurement might inherit it."
Rule 4 (Ontological Inheritance - Child),Alzheimer's disease biomarker measurement,microsomal glutathione S-transferase 1,"Parent entity mental or behavioural disorder biomarker is associated with microsomal glutathione S-transferase 1, so child Alzheimer's disease biomarker measurement might inherit it."
Rule 4 (Ontological Inheritance - Child),Alzheimer's disease biomarker measurement,nuclear factor I X,"Parent entity mental or behavioural disorder biomarker is associated with nuclear factor I X, so child Alzheimer's disease biomarker measurement might inherit it."
Rule 4 (Ontological Inheritance - Child),Alzheimer's disease biomarker measurement,mediator complex subunit 24,"Parent entity mental or behavioural disorder biomarker is associated with mediator complex subunit 24, so child Alzheimer's disease biomarker measurement might inherit it."
Rule 4 (Ontological Inheritance - Child),Alzheimer's disease biomarker measurement,"REV3 like, DNA directed polymerase zeta catalytic subunit","Parent entity mental or behavioural disorder biomarker is associated with REV3 like, DNA directed polymerase zeta catalytic subunit, so child Alzheimer's disease biomarker measurement might inherit it."
Rule 4 (Ontological Inheritance - Child),Alzheimer's disease biomarker measurement,MLX interacting protein like,"Parent entity mental or behavioural disorder biomarker is associated with MLX interacting protein like, so child Alzheimer's disease biomarker measurement might inherit it."
Rule 4 (Ontological Inheritance - Child),Alzheimer's disease biomarker measurement,bromodomain adjacent to zinc finger domain 1B,"Parent entity mental or behavioural disorder biomarker is associated with bromodomain adjacent to zinc finger domain 1B, so child Alzheimer's disease biomarker measurement might inherit it."
Rule 4 (Ontological Inheritance - Child),Alzheimer's disease biomarker measurement,"methyltransferase 13, eEF1A N-terminus and K55","Parent entity mental or behavioural disorder biomarker is associated with methyltransferase 13, eEF1A N-terminus and K55, so child Alzheimer's disease biomarker measurement might inherit it."
Rule 4 (Ontological Inheritance - Child),Alzheimer's disease biomarker measurement,gastric inhibitory polypeptide receptor,"Parent entity mental or behavioural disorder biomarker is associated with gastric inhibitory polypeptide receptor, so child Alzheimer's disease biomarker measurement might inherit it."
Rule 4 (Ontological Inheritance - Child),Alzheimer's disease biomarker measurement,stabilin 1,"Parent entity mental or behavioural disorder biomarker is associated with stabilin 1, so child Alzheimer's disease biomarker measurement might inherit it."
Rule 4 (Ontological Inheritance - Child),Alzheimer's disease biomarker measurement,CD4 molecule,"Parent entity mental or behavioural disorder biomarker is associated with CD4 molecule, so child Alzheimer's disease biomarker measurement might inherit it."
Rule 4 (Ontological Inheritance - Child),Alzheimer's disease biomarker measurement,Scm polycomb group protein homolog 1,"Parent entity mental or behavioural disorder biomarker is associated with Scm polycomb group protein homolog 1, so child Alzheimer's disease biomarker measurement might inherit it."
Rule 4 (Ontological Inheritance - Child),Alzheimer's disease biomarker measurement,HIVEP zinc finger 2,"Parent entity mental or behavioural disorder biomarker is associated with HIVEP zinc finger 2, so child Alzheimer's disease biomarker measurement might inherit it."
Rule 4 (Ontological Inheritance - Child),Alzheimer's disease biomarker measurement,"abhydrolase domain containing 5, lysophosphatidic acid acyltransferase","Parent entity mental or behavioural disorder biomarker is associated with abhydrolase domain containing 5, lysophosphatidic acid acyltransferase, so child Alzheimer's disease biomarker measurement might inherit it."
Rule 4 (Ontological Inheritance - Child),Alzheimer's disease biomarker measurement,tetratricopeptide repeat domain 19,"Parent entity mental or behavioural disorder biomarker is associated with tetratricopeptide repeat domain 19, so child Alzheimer's disease biomarker measurement might inherit it."
Rule 4 (Ontological Inheritance - Child),Alzheimer's disease biomarker measurement,RAB GTPase activating protein 1,"Parent entity mental or behavioural disorder biomarker is associated with RAB GTPase activating protein 1, so child Alzheimer's disease biomarker measurement might inherit it."
Rule 4 (Ontological Inheritance - Child),Alzheimer's disease biomarker measurement,zinc finger and BTB domain containing 32,"Parent entity mental or behavioural disorder biomarker is associated with zinc finger and BTB domain containing 32, so child Alzheimer's disease biomarker measurement might inherit it."
Rule 4 (Ontological Inheritance - Child),Alzheimer's disease biomarker measurement,CD22 molecule,"Parent entity mental or behavioural disorder biomarker is associated with CD22 molecule, so child Alzheimer's disease biomarker measurement might inherit it."
Rule 4 (Ontological Inheritance - Child),Alzheimer's disease biomarker measurement,semaphorin 3B,"Parent entity mental or behavioural disorder biomarker is associated with semaphorin 3B, so child Alzheimer's disease biomarker measurement might inherit it."
Rule 4 (Ontological Inheritance - Child),Alzheimer's disease biomarker measurement,ring finger protein 14,"Parent entity mental or behavioural disorder biomarker is associated with ring finger protein 14, so child Alzheimer's disease biomarker measurement might inherit it."
Rule 4 (Ontological Inheritance - Child),Alzheimer's disease biomarker measurement,CD6 molecule,"Parent entity mental or behavioural disorder biomarker is associated with CD6 molecule, so child Alzheimer's disease biomarker measurement might inherit it."
Rule 4 (Ontological Inheritance - Child),Alzheimer's disease biomarker measurement,malate dehydrogenase 1,"Parent entity mental or behavioural disorder biomarker is associated with malate dehydrogenase 1, so child Alzheimer's disease biomarker measurement might inherit it."
Rule 4 (Ontological Inheritance - Child),Alzheimer's disease biomarker measurement,solute carrier family 30 member 9,"Parent entity mental or behavioural disorder biomarker is associated with solute carrier family 30 member 9, so child Alzheimer's disease biomarker measurement might inherit it."
Rule 4 (Ontological Inheritance - Child),Alzheimer's disease biomarker measurement,glycosyltransferase 8 domain containing 1,"Parent entity mental or behavioural disorder biomarker is associated with glycosyltransferase 8 domain containing 1, so child Alzheimer's disease biomarker measurement might inherit it."
Rule 5 (Hierarchical Phenotype A),Alzheimer disease,plexin D1,Disease Alzheimer disease presents phenotype Dementia which is parent to Frontotemporal dementia associated with plexin D1
Rule 5 (Hierarchical Phenotype A),Alzheimer disease,ring finger protein 216,Disease Alzheimer disease presents phenotype Dementia which is parent to Frontotemporal dementia associated with ring finger protein 216
Rule 5 (Hierarchical Phenotype A),Alzheimer disease,staufen double-stranded RNA binding protein 2,Disease Alzheimer disease presents phenotype Dementia which is parent to Frontotemporal dementia associated with staufen double-stranded RNA binding protein 2
Rule 5 (Hierarchical Phenotype A),Alzheimer disease,tRNA nucleotidyl transferase 1,Disease Alzheimer disease presents phenotype Dementia which is parent to Frontotemporal dementia associated with tRNA nucleotidyl transferase 1
Rule 5 (Hierarchical Phenotype A),Alzheimer disease,centrosomal protein 164,Disease Alzheimer disease presents phenotype Dementia which is parent to Frontotemporal dementia associated with centrosomal protein 164
Rule 5 (Hierarchical Phenotype A),Alzheimer disease,serine and arginine rich splicing factor 9,Disease Alzheimer disease presents phenotype Dementia which is parent to Frontotemporal dementia associated with serine and arginine rich splicing factor 9
Rule 5 (Hierarchical Phenotype A),Alzheimer disease,charged multivesicular body protein 7,Disease Alzheimer disease presents phenotype Dementia which is parent to Frontotemporal dementia associated with charged multivesicular body protein 7
Rule 5 (Hierarchical Phenotype A),Alzheimer disease,SH3 domain containing ring finger 1,Disease Alzheimer disease presents phenotype Dementia which is parent to Frontotemporal dementia associated with SH3 domain containing ring finger 1
Rule 5 (Hierarchical Phenotype A),Alzheimer disease,cyclin F,Disease Alzheimer disease presents phenotype Dementia which is parent to Frontotemporal dementia associated with cyclin F
Rule 5 (Hierarchical Phenotype A),Alzheimer disease,major facilitator superfamily domain containing 8,Disease Alzheimer disease presents phenotype Dementia which is parent to Frontotemporal dementia associated with major facilitator superfamily domain containing 8
Rule 5 (Hierarchical Phenotype A),Alzheimer disease,golgi associated RAB2 interactor family member 3,Disease Alzheimer disease presents phenotype Dementia which is parent to Frontotemporal dementia associated with golgi associated RAB2 interactor family member 3
Rule 5 (Hierarchical Phenotype A),Alzheimer disease,DNA polymerase eta,Disease Alzheimer disease presents phenotype Dementia which is parent to Frontotemporal dementia associated with DNA polymerase eta
Rule 5 (Hierarchical Phenotype A),Alzheimer disease,SMCR8-C9orf72 complex subunit,Disease Alzheimer disease presents phenotype Dementia which is parent to Frontotemporal dementia associated with SMCR8-C9orf72 complex subunit
Rule 5 (Hierarchical Phenotype A),Alzheimer disease,"RAD23 homolog A, nucleotide excision repair protein","Disease Alzheimer disease presents phenotype Dementia which is parent to Frontotemporal dementia associated with RAD23 homolog A, nucleotide excision repair protein"
Rule 5 (Hierarchical Phenotype A),Alzheimer disease,kinesin family member 24,Disease Alzheimer disease presents phenotype Dementia which is parent to Frontotemporal dementia associated with kinesin family member 24
Rule 5 (Hierarchical Phenotype A),Alzheimer disease,serine and arginine rich splicing factor 8,Disease Alzheimer disease presents phenotype Dementia which is parent to Frontotemporal dementia associated with serine and arginine rich splicing factor 8
Rule 5 (Hierarchical Phenotype A),Alzheimer disease,anoctamin 7,Disease Alzheimer disease presents phenotype Disinhibition which is parent to Aggressive behavior associated with anoctamin 7
Rule 5 (Hierarchical Phenotype A),Alzheimer disease,transport and golgi organization 2 homolog,Disease Alzheimer disease presents phenotype Disinhibition which is parent to Aggressive behavior associated with transport and golgi organization 2 homolog
Rule 5 (Hierarchical Phenotype A),Alzheimer disease,ring finger protein 216,Disease Alzheimer disease presents phenotype Abnormality of extrapyramidal motor function which is parent to Parkinsonism associated with ring finger protein 216
Rule 5 (Hierarchical Phenotype A),Alzheimer disease,vacuolar protein sorting 13 homolog D,Disease Alzheimer disease presents phenotype Abnormality of extrapyramidal motor function which is parent to Parkinsonism associated with vacuolar protein sorting 13 homolog D
Rule 5 (Hierarchical Phenotype A),Alzheimer disease,RAS guanyl releasing protein 2,Disease Alzheimer disease presents phenotype Abnormality of extrapyramidal motor function which is parent to Parkinsonism associated with RAS guanyl releasing protein 2
Rule 5 (Hierarchical Phenotype A),Alzheimer disease,ubiquitin specific peptidase 40,Disease Alzheimer disease presents phenotype Abnormality of extrapyramidal motor function which is parent to Parkinsonism associated with ubiquitin specific peptidase 40
Rule 5 (Hierarchical Phenotype A),Alzheimer disease,FAT atypical cadherin 2,Disease Alzheimer disease presents phenotype Abnormality of extrapyramidal motor function which is parent to Parkinsonism associated with FAT atypical cadherin 2
Rule 5 (Hierarchical Phenotype A),Alzheimer disease,GRAM domain containing 1A,Disease Alzheimer disease presents phenotype Abnormality of extrapyramidal motor function which is parent to Parkinsonism associated with GRAM domain containing 1A
Rule 5 (Hierarchical Phenotype A),Alzheimer disease,ess-2 splicing factor homolog,Disease Alzheimer disease presents phenotype Abnormality of extrapyramidal motor function which is parent to Parkinsonism associated with ess-2 splicing factor homolog
Rule 5 (Hierarchical Phenotype A),Alzheimer disease,G protein-coupled receptor 143,Disease Alzheimer disease presents phenotype Abnormality of extrapyramidal motor function which is parent to Parkinsonism associated with G protein-coupled receptor 143
Rule 5 (Hierarchical Phenotype A),Alzheimer disease,mitochondrial methionyl-tRNA formyltransferase,Disease Alzheimer disease presents phenotype Abnormality of extrapyramidal motor function which is parent to Parkinsonism associated with mitochondrial methionyl-tRNA formyltransferase
Rule 5 (Hierarchical Phenotype A),Alzheimer disease,solute carrier family 39 member 14,Disease Alzheimer disease presents phenotype Abnormality of extrapyramidal motor function which is parent to Parkinsonism associated with solute carrier family 39 member 14
Rule 5 (Hierarchical Phenotype A),Alzheimer disease,elongation factor for RNA polymerase II,Disease Alzheimer disease presents phenotype Abnormality of extrapyramidal motor function which is parent to Parkinsonism associated with elongation factor for RNA polymerase II
Rule 5 (Hierarchical Phenotype A),Alzheimer disease,vesicle associated membrane protein 4,Disease Alzheimer disease presents phenotype Abnormality of extrapyramidal motor function which is parent to Parkinsonism associated with vesicle associated membrane protein 4
Rule 5 (Hierarchical Phenotype A),Alzheimer disease,"N-alpha-acetyltransferase 60, NatF catalytic subunit","Disease Alzheimer disease presents phenotype Abnormality of extrapyramidal motor function which is parent to Parkinsonism associated with N-alpha-acetyltransferase 60, NatF catalytic subunit"
Rule 5 (Hierarchical Phenotype A),Alzheimer disease,coenzyme Q8B,Disease Alzheimer disease presents phenotype Abnormality of extrapyramidal motor function which is parent to Parkinsonism associated with coenzyme Q8B
Rule 5 (Hierarchical Phenotype A),Alzheimer disease,kinectin 1,Disease Alzheimer disease presents phenotype Abnormality of extrapyramidal motor function which is parent to Parkinsonism associated with kinectin 1
Rule 5 (Hierarchical Phenotype A),Alzheimer disease,CLN6 transmembrane ER protein,Disease Alzheimer disease presents phenotype Abnormality of extrapyramidal motor function which is parent to Parkinsonism associated with CLN6 transmembrane ER protein
Rule 5 (Hierarchical Phenotype A),Alzheimer disease,LLGL scribble cell polarity complex component 1,Disease Alzheimer disease presents phenotype Abnormality of extrapyramidal motor function which is parent to Parkinsonism associated with LLGL scribble cell polarity complex component 1
Rule 5 (Hierarchical Phenotype A),Alzheimer disease,xenotropic and polytropic retrovirus receptor 1,Disease Alzheimer disease presents phenotype Abnormality of extrapyramidal motor function which is parent to Parkinsonism associated with xenotropic and polytropic retrovirus receptor 1
Rule 5 (Hierarchical Phenotype A),Alzheimer disease,solute carrier family 30 member 2,Disease Alzheimer disease presents phenotype Abnormality of extrapyramidal motor function which is parent to Parkinsonism associated with solute carrier family 30 member 2
Rule 5 (Hierarchical Phenotype A),Alzheimer disease,KASH domain containing 5,Disease Alzheimer disease presents phenotype Abnormality of extrapyramidal motor function which is parent to Parkinsonism associated with KASH domain containing 5
Rule 5 (Hierarchical Phenotype A),Alzheimer disease,polybromo 1,Disease Alzheimer disease presents phenotype Abnormality of extrapyramidal motor function which is parent to Parkinsonism associated with polybromo 1
Rule 5 (Hierarchical Phenotype A),Alzheimer disease,solute carrier family 6 member 5,Disease Alzheimer disease presents phenotype Abnormality of extrapyramidal motor function which is parent to Parkinsonism associated with solute carrier family 6 member 5
Rule 5 (Hierarchical Phenotype A),Alzheimer disease,brain expressed associated with NEDD4 1,Disease Alzheimer disease presents phenotype Abnormality of extrapyramidal motor function which is parent to Parkinsonism associated with brain expressed associated with NEDD4 1
Rule 5 (Hierarchical Phenotype A),Alzheimer disease,thymidine kinase 2,Disease Alzheimer disease presents phenotype Abnormality of extrapyramidal motor function which is parent to Parkinsonism associated with thymidine kinase 2
Rule 5 (Hierarchical Phenotype A),Alzheimer disease,neurturin,Disease Alzheimer disease presents phenotype Abnormality of extrapyramidal motor function which is parent to Parkinsonism associated with neurturin
Rule 5 (Hierarchical Phenotype A),Alzheimer disease,heat shock protein family B (small) member 7,Disease Alzheimer disease presents phenotype Abnormality of extrapyramidal motor function which is parent to Parkinsonism associated with heat shock protein family B (small) member 7
Rule 5 (Hierarchical Phenotype A),Alzheimer disease,zinc finger protein 746,Disease Alzheimer disease presents phenotype Abnormality of extrapyramidal motor function which is parent to Parkinsonism associated with zinc finger protein 746
Rule 5 (Hierarchical Phenotype A),Alzheimer disease,nipsnap homolog 1,Disease Alzheimer disease presents phenotype Abnormality of extrapyramidal motor function which is parent to Parkinsonism associated with nipsnap homolog 1
Rule 5 (Hierarchical Phenotype A),Alzheimer disease,peptidyl-tRNA hydrolase domain containing 1,Disease Alzheimer disease presents phenotype Abnormality of extrapyramidal motor function which is parent to Parkinsonism associated with peptidyl-tRNA hydrolase domain containing 1
Rule 5 (Hierarchical Phenotype A),Alzheimer disease,transmembrane protein 63A,Disease Alzheimer disease presents phenotype Abnormality of extrapyramidal motor function which is parent to Parkinsonism associated with transmembrane protein 63A
Rule 5 (Hierarchical Phenotype A),Alzheimer disease,pre-mRNA processing factor 40 homolog A,Disease Alzheimer disease presents phenotype Abnormality of extrapyramidal motor function which is parent to Parkinsonism associated with pre-mRNA processing factor 40 homolog A
Rule 5 (Hierarchical Phenotype A),Alzheimer disease,myelin protein zero like 1,Disease Alzheimer disease presents phenotype Abnormality of extrapyramidal motor function which is parent to Parkinsonism associated with myelin protein zero like 1
Rule 6 (Hierarchical Phenotype B),early-onset autosomal dominant Alzheimer disease,alsin Rho guanine nucleotide exchange factor ALS2,Disease early-onset autosomal dominant Alzheimer disease is child of Alzheimer disease type 1 which presents phenotype Dementia associated with alsin Rho guanine nucleotide exchange factor ALS2
Rule 6 (Hierarchical Phenotype B),early-onset autosomal dominant Alzheimer disease,sterile alpha and TIR motif containing 1,Disease early-onset autosomal dominant Alzheimer disease is child of Alzheimer disease type 1 which presents phenotype Dementia associated with sterile alpha and TIR motif containing 1
Rule 6 (Hierarchical Phenotype B),early-onset autosomal dominant Alzheimer disease,plexin D1,Disease early-onset autosomal dominant Alzheimer disease is child of Alzheimer disease type 1 which presents phenotype Dementia associated with plexin D1
Rule 6 (Hierarchical Phenotype B),early-onset autosomal dominant Alzheimer disease,lysine demethylase 1A,Disease early-onset autosomal dominant Alzheimer disease is child of Alzheimer disease type 1 which presents phenotype Dementia associated with lysine demethylase 1A
Rule 6 (Hierarchical Phenotype B),early-onset autosomal dominant Alzheimer disease,UPF1 RNA helicase and ATPase,Disease early-onset autosomal dominant Alzheimer disease is child of Alzheimer disease type 1 which presents phenotype Dementia associated with UPF1 RNA helicase and ATPase
Rule 6 (Hierarchical Phenotype B),early-onset autosomal dominant Alzheimer disease,thrombospondin type 1 domain containing 7A,Disease early-onset autosomal dominant Alzheimer disease is child of Alzheimer disease type 1 which presents phenotype Dementia associated with thrombospondin type 1 domain containing 7A
Rule 6 (Hierarchical Phenotype B),early-onset autosomal dominant Alzheimer disease,integrin subunit alpha L,Disease early-onset autosomal dominant Alzheimer disease is child of Alzheimer disease type 1 which presents phenotype Dementia associated with integrin subunit alpha L
Rule 6 (Hierarchical Phenotype B),early-onset autosomal dominant Alzheimer disease,integrin subunit alpha 2b,Disease early-onset autosomal dominant Alzheimer disease is child of Alzheimer disease type 1 which presents phenotype Dementia associated with integrin subunit alpha 2b
Rule 6 (Hierarchical Phenotype B),early-onset autosomal dominant Alzheimer disease,mitogen-activated protein kinase kinase kinase 14,Disease early-onset autosomal dominant Alzheimer disease is child of Alzheimer disease type 1 which presents phenotype Dementia associated with mitogen-activated protein kinase kinase kinase 14
Rule 6 (Hierarchical Phenotype B),early-onset autosomal dominant Alzheimer disease,C-X3-C motif chemokine ligand 1,Disease early-onset autosomal dominant Alzheimer disease is child of Alzheimer disease type 1 which presents phenotype Dementia associated with C-X3-C motif chemokine ligand 1
Rule 6 (Hierarchical Phenotype B),early-onset autosomal dominant Alzheimer disease,CEA cell adhesion molecule 21,Disease early-onset autosomal dominant Alzheimer disease is child of Alzheimer disease type 1 which presents phenotype Dementia associated with CEA cell adhesion molecule 21
Rule 6 (Hierarchical Phenotype B),early-onset autosomal dominant Alzheimer disease,nitric oxide synthase 2,Disease early-onset autosomal dominant Alzheimer disease is child of Alzheimer disease type 1 which presents phenotype Dementia associated with nitric oxide synthase 2
Rule 6 (Hierarchical Phenotype B),early-onset autosomal dominant Alzheimer disease,CEA cell adhesion molecule 7,Disease early-onset autosomal dominant Alzheimer disease is child of Alzheimer disease type 1 which presents phenotype Dementia associated with CEA cell adhesion molecule 7
Rule 6 (Hierarchical Phenotype B),early-onset autosomal dominant Alzheimer disease,sodium voltage-gated channel alpha subunit 4,Disease early-onset autosomal dominant Alzheimer disease is child of Alzheimer disease type 1 which presents phenotype Dementia associated with sodium voltage-gated channel alpha subunit 4
Rule 6 (Hierarchical Phenotype B),early-onset autosomal dominant Alzheimer disease,cytochrome b561,Disease early-onset autosomal dominant Alzheimer disease is child of Alzheimer disease type 1 which presents phenotype Dementia associated with cytochrome b561
Rule 6 (Hierarchical Phenotype B),early-onset autosomal dominant Alzheimer disease,peptidoglycan recognition protein 1,Disease early-onset autosomal dominant Alzheimer disease is child of Alzheimer disease type 1 which presents phenotype Dementia associated with peptidoglycan recognition protein 1
Rule 6 (Hierarchical Phenotype B),early-onset autosomal dominant Alzheimer disease,iduronate 2-sulfatase,Disease early-onset autosomal dominant Alzheimer disease is child of Alzheimer disease type 1 which presents phenotype Dementia associated with iduronate 2-sulfatase
Rule 6 (Hierarchical Phenotype B),early-onset autosomal dominant Alzheimer disease,CD4 molecule,Disease early-onset autosomal dominant Alzheimer disease is child of Alzheimer disease type 1 which presents phenotype Dementia associated with CD4 molecule
Rule 6 (Hierarchical Phenotype B),early-onset autosomal dominant Alzheimer disease,"FYN proto-oncogene, Src family tyrosine kinase","Disease early-onset autosomal dominant Alzheimer disease is child of Alzheimer disease type 1 which presents phenotype Dementia associated with FYN proto-oncogene, Src family tyrosine kinase"
Rule 6 (Hierarchical Phenotype B),early-onset autosomal dominant Alzheimer disease,ring finger protein 216,Disease early-onset autosomal dominant Alzheimer disease is child of Alzheimer disease type 1 which presents phenotype Dementia associated with ring finger protein 216
Rule 6 (Hierarchical Phenotype B),early-onset autosomal dominant Alzheimer disease,polypyrimidine tract binding protein 1,Disease early-onset autosomal dominant Alzheimer disease is child of Alzheimer disease type 1 which presents phenotype Dementia associated with polypyrimidine tract binding protein 1
Rule 6 (Hierarchical Phenotype B),early-onset autosomal dominant Alzheimer disease,decorin,Disease early-onset autosomal dominant Alzheimer disease is child of Alzheimer disease type 1 which presents phenotype Dementia associated with decorin
Rule 6 (Hierarchical Phenotype B),early-onset autosomal dominant Alzheimer disease,transmembrane immune signaling adaptor TYROBP,Disease early-onset autosomal dominant Alzheimer disease is child of Alzheimer disease type 1 which presents phenotype Dementia associated with transmembrane immune signaling adaptor TYROBP
Rule 6 (Hierarchical Phenotype B),early-onset autosomal dominant Alzheimer disease,gamma-aminobutyric acid type A receptor subunit alpha3,Disease early-onset autosomal dominant Alzheimer disease is child of Alzheimer disease type 1 which presents phenotype Dementia associated with gamma-aminobutyric acid type A receptor subunit alpha3
Rule 6 (Hierarchical Phenotype B),early-onset autosomal dominant Alzheimer disease,BRCA1 DNA repair associated,Disease early-onset autosomal dominant Alzheimer disease is child of Alzheimer disease type 1 which presents phenotype Dementia associated with BRCA1 DNA repair associated
Rule 6 (Hierarchical Phenotype B),early-onset autosomal dominant Alzheimer disease,CD22 molecule,Disease early-onset autosomal dominant Alzheimer disease is child of Alzheimer disease type 1 which presents phenotype Dementia associated with CD22 molecule
Rule 6 (Hierarchical Phenotype B),early-onset autosomal dominant Alzheimer disease,lactotransferrin,Disease early-onset autosomal dominant Alzheimer disease is child of Alzheimer disease type 1 which presents phenotype Dementia associated with lactotransferrin
Rule 6 (Hierarchical Phenotype B),early-onset autosomal dominant Alzheimer disease,CDC like kinase 1,Disease early-onset autosomal dominant Alzheimer disease is child of Alzheimer disease type 1 which presents phenotype Dementia associated with CDC like kinase 1
Rule 6 (Hierarchical Phenotype B),early-onset autosomal dominant Alzheimer disease,matrin 3,Disease early-onset autosomal dominant Alzheimer disease is child of Alzheimer disease type 1 which presents phenotype Dementia associated with matrin 3
Rule 6 (Hierarchical Phenotype B),early-onset autosomal dominant Alzheimer disease,spastin,Disease early-onset autosomal dominant Alzheimer disease is child of Alzheimer disease type 1 which presents phenotype Dementia associated with spastin
Rule 6 (Hierarchical Phenotype B),early-onset autosomal dominant Alzheimer disease,POU class 2 homeobox 2,Disease early-onset autosomal dominant Alzheimer disease is child of Alzheimer disease type 1 which presents phenotype Dementia associated with POU class 2 homeobox 2
Rule 6 (Hierarchical Phenotype B),early-onset autosomal dominant Alzheimer disease,adenylosuccinate synthase 2,Disease early-onset autosomal dominant Alzheimer disease is child of Alzheimer disease type 1 which presents phenotype Dementia associated with adenylosuccinate synthase 2
Rule 6 (Hierarchical Phenotype B),early-onset autosomal dominant Alzheimer disease,TIMP metallopeptidase inhibitor 2,Disease early-onset autosomal dominant Alzheimer disease is child of Alzheimer disease type 1 which presents phenotype Dementia associated with TIMP metallopeptidase inhibitor 2
Rule 6 (Hierarchical Phenotype B),early-onset autosomal dominant Alzheimer disease,cadherin 1,Disease early-onset autosomal dominant Alzheimer disease is child of Alzheimer disease type 1 which presents phenotype Dementia associated with cadherin 1
Rule 6 (Hierarchical Phenotype B),early-onset autosomal dominant Alzheimer disease,staufen double-stranded RNA binding protein 2,Disease early-onset autosomal dominant Alzheimer disease is child of Alzheimer disease type 1 which presents phenotype Dementia associated with staufen double-stranded RNA binding protein 2
Rule 6 (Hierarchical Phenotype B),early-onset autosomal dominant Alzheimer disease,tyrosyl-DNA phosphodiesterase 1,Disease early-onset autosomal dominant Alzheimer disease is child of Alzheimer disease type 1 which presents phenotype Dementia associated with tyrosyl-DNA phosphodiesterase 1
Rule 6 (Hierarchical Phenotype B),early-onset autosomal dominant Alzheimer disease,adrenoceptor beta 1,Disease early-onset autosomal dominant Alzheimer disease is child of Alzheimer disease type 1 which presents phenotype Dementia associated with adrenoceptor beta 1
Rule 6 (Hierarchical Phenotype B),early-onset autosomal dominant Alzheimer disease,histone deacetylase 9,Disease early-onset autosomal dominant Alzheimer disease is child of Alzheimer disease type 1 which presents phenotype Dementia associated with histone deacetylase 9
Rule 6 (Hierarchical Phenotype B),early-onset autosomal dominant Alzheimer disease,hexose-6-phosphate dehydrogenase/glucose 1-dehydrogenase,Disease early-onset autosomal dominant Alzheimer disease is child of Alzheimer disease type 1 which presents phenotype Dementia associated with hexose-6-phosphate dehydrogenase/glucose 1-dehydrogenase
Rule 6 (Hierarchical Phenotype B),early-onset autosomal dominant Alzheimer disease,dickkopf WNT signaling pathway inhibitor 3,Disease early-onset autosomal dominant Alzheimer disease is child of Alzheimer disease type 1 which presents phenotype Dementia associated with dickkopf WNT signaling pathway inhibitor 3
Rule 6 (Hierarchical Phenotype B),early-onset autosomal dominant Alzheimer disease,kinesin family member 1B,Disease early-onset autosomal dominant Alzheimer disease is child of Alzheimer disease type 1 which presents phenotype Dementia associated with kinesin family member 1B
Rule 6 (Hierarchical Phenotype B),early-onset autosomal dominant Alzheimer disease,galactosylceramidase,Disease early-onset autosomal dominant Alzheimer disease is child of Alzheimer disease type 1 which presents phenotype Dementia associated with galactosylceramidase
Rule 6 (Hierarchical Phenotype B),early-onset autosomal dominant Alzheimer disease,laminin subunit gamma 2,Disease early-onset autosomal dominant Alzheimer disease is child of Alzheimer disease type 1 which presents phenotype Dementia associated with laminin subunit gamma 2
Rule 6 (Hierarchical Phenotype B),early-onset autosomal dominant Alzheimer disease,thromboxane A synthase 1,Disease early-onset autosomal dominant Alzheimer disease is child of Alzheimer disease type 1 which presents phenotype Dementia associated with thromboxane A synthase 1
Rule 6 (Hierarchical Phenotype B),early-onset autosomal dominant Alzheimer disease,"DNA polymerase delta 1, catalytic subunit","Disease early-onset autosomal dominant Alzheimer disease is child of Alzheimer disease type 1 which presents phenotype Dementia associated with DNA polymerase delta 1, catalytic subunit"
Rule 6 (Hierarchical Phenotype B),early-onset autosomal dominant Alzheimer disease,U2 small nuclear RNA auxiliary factor 2,Disease early-onset autosomal dominant Alzheimer disease is child of Alzheimer disease type 1 which presents phenotype Dementia associated with U2 small nuclear RNA auxiliary factor 2
Rule 6 (Hierarchical Phenotype B),early-onset autosomal dominant Alzheimer disease,calponin 2,Disease early-onset autosomal dominant Alzheimer disease is child of Alzheimer disease type 1 which presents phenotype Dementia associated with calponin 2
Rule 6 (Hierarchical Phenotype B),early-onset autosomal dominant Alzheimer disease,ATP binding cassette subfamily A member 7,Disease early-onset autosomal dominant Alzheimer disease is child of Alzheimer disease type 1 which presents phenotype Dementia associated with ATP binding cassette subfamily A member 7
Rule 6 (Hierarchical Phenotype B),early-onset autosomal dominant Alzheimer disease,WD repeat domain 18,Disease early-onset autosomal dominant Alzheimer disease is child of Alzheimer disease type 1 which presents phenotype Dementia associated with WD repeat domain 18
Rule 6 (Hierarchical Phenotype B),early-onset autosomal dominant Alzheimer disease,glutathione S-transferase omega 2,Disease early-onset autosomal dominant Alzheimer disease is child of Alzheimer disease type 1 which presents phenotype Dementia associated with glutathione S-transferase omega 2
